city_name,population
"Abingdon, IL","3,226"
"Adair, IL",210
Addieville,243
"Addison, IL","37,297"
"Albany, IL",883
Albers,"1,180"
"Albion, IL","1,957"
"Aledo, IL","3,588"
Alexis,818
"Algonquin, IL","30,410"
"Alhambra, IL",665
"Allendale, IL",461
"Allerton, IL",289
"Alma, IL",316
Alorton,"1,954"
"Alpha, IL",652
Alsey,222
Alsip,"19,427"
"Altamont, IL","2,304"
Alto Pass,383
"Altona, IL",517
"Alton, IL","27,177"
Alvan,266
"Alvin, IL",305
"Amboy, IL","2,383"
"Andalusia, IL","1,183"
"Andover, IL",574
Annawan,861
"Anna, IL","4,331"
"Antioch, IL","14,411"
Apple Canyon Lake,558
"Apple River, IL",358
"Arcola, IL","2,893"
Arenzville,398
Argenta,924
"Arlington Heights, IL","76,024"
Armington,340
Aroma Park,719
Arrowsmith,295
"Arthur, IL","2,281"
Ashkum,744
"Ashland, IL","1,289"
"Ashley, IL",511
Ashmore,771
"Ashton, IL",927
Assumption,"1,128"
"Astoria, IL","1,100"
"Athens, IL","1,960"
"Atkinson, IL",953
"Atlanta, IL","1,663"
"Atwood, IL","1,199"
"Auburn, IL","4,815"
"Augusta, IL",566
"Aurora, IL","200,456"
"Ava, IL",639
Aviston,"2,073"
"Avon, IL",767
"Baldwin, IL",353
Bannockburn,"1,575"
Bardolph,245
Barrington Hills,"4,259"
"Barrington, IL","10,373"
"Barry, IL","1,280"
Bartelso,598
"Bartlett, IL","41,632"
"Bartonville, IL","6,423"
"Batavia, IL","26,424"
Batchtown,208
"Bath, IL",310
Bay View Gardens,392
Beach Park,"13,988"
Beardstown,"5,882"
Beaverville,347
Beckemeyer,"1,019"
Bedford Park,576
Beecher City,456
"Beecher, IL","4,461"
"Belgium, IL",402
Belle Rive,361
"Belleville, IL","42,529"
"Bellevue, IL","1,963"
"Bellflower, IL",353
"Bellmont, IL",269
"Bellwood, IL","19,152"
"Belvidere, IL","25,282"
Bement,"1,692"
Benld,"1,503"
Bensenville,"18,487"
"Benson, IL",428
"Benton, IL","7,016"
"Berkeley, IL","5,230"
"Berwyn, IL","56,693"
Bethalto,"9,382"
"Bethany, IL","1,322"
Big Rock,"1,160"
Biggsville,287
"Bismarck, IL",560
Blandinsville,628
"Bloomingdale, IL","22,299"
"Bloomington, IL","78,730"
Blue Island,"23,785"
"Blue Mound, IL","1,124"
Bluffs,691
Bluford,678
Bolingbrook,"74,180"
Bondville,447
Bone Gap,244
Bonfield,375
Bonnie,389
Boody,276
Boulder Hill,"8,108"
Bourbonnais,"18,534"
Bowen,478
Braceville,775
"Bradford, IL",741
"Bradley, IL","15,677"
Braidwood,"6,185"
Breese,"4,502"
"Bridgeport, IL","1,813"
Bridgeview,"16,491"
"Brighton, IL","2,217"
"Brimfield, IL",862
"Broadlands, IL",356
"Broadview, IL","7,959"
"Brocton, IL",305
"Brookfield, IL","19,023"
"Brooklyn, IL",723
Brookport,941
"Brownstown, IL",747
"Bryant, IL",215
"Buckingham, IL",295
"Buckley, IL",575
"Buckner, IL",451
"Buda, IL",523
Buffalo Grove,"41,701"
"Buffalo, IL",494
Bull Valley,"1,107"
Bulpitt,216
Buncombe,205
"Bunker Hill, IL","1,727"
"Burbank, IL","29,218"
Bureau Junction,312
"Burlington, IL",636
"Burnham, IL","4,229"
Burr Ridge,"10,761"
"Bushnell, IL","3,014"
"Bush, IL",274
"Byron, IL","3,665"
Cabery,258
Cahokia,"14,588"
"Cairo, IL","2,576"
Calumet City,"37,213"
Calumet Park,"7,903"
"Camargo, IL",446
"Cambria, IL","1,260"
"Cambridge, IL","2,121"
Camp Point,"1,126"
Campbell Hill,325
Campton Hills,"11,317"
"Canton, IL","14,307"
"Capron, IL","1,356"
Carbon Cliff,"2,046"
"Carbon Hill, IL",349
"Carbondale, IL","26,324"
Carlinville,"5,756"
Carlock,559
Carlyle,"3,238"
Carmi,"5,136"
Carol Stream,"40,349"
Carpentersville,"38,407"
Carrier Mills,"1,629"
"Carrollton, IL","2,405"
"Carterville, IL","5,770"
"Carthage, IL","2,542"
"Cary, IL","17,991"
Caseyville,"4,092"
"Casey, IL","2,744"
"Catlin, IL","2,022"
Cave-In-Rock,302
"Cedar Point, IL",271
"Cedarville, IL",726
"Central City, IL","1,138"
"Centralia, IL","12,742"
"Centreville, IL","5,090"
"Cerro Gordo, IL","1,359"
Chadwick,529
Champaign,"84,513"
Chandlerville,535
Channahon,"12,616"
Channel Lake,"1,664"
"Chapin, IL",499
"Charleston, IL","21,838"
"Chatham, IL","12,212"
"Chatsworth, IL","1,167"
Chebanse,"1,030"
"Chemung, IL",308
Chenoa,"1,777"
"Cherry Valley, IL","3,110"
Cherry,468
"Chester, IL","8,421"
Chestnut,246
Chicago Heights,"30,436"
Chicago Ridge,"14,434"
"Chicago, IL","2,722,389"
"Chillicothe, IL","6,135"
Chrisman,"1,290"
Christopher,"2,773"
"Cicero, IL","84,354"
"Cisco, IL",256
Cisne,663
Cissna Park,816
Clarendon Hills,"8,658"
"Clay City, IL",937
"Clayton, IL",697
"Clear Lake, IL",229
"Clifton, IL","1,420"
"Clinton, IL","7,078"
"Coal City, IL","5,521"
Coal Valley,"3,743"
"Coalton, IL",296
"Cobden, IL","1,144"
Coffeen,668
"Colchester, IL","1,354"
"Colfax, IL","1,055"
"Collinsville, IL","24,883"
"Colona, IL","5,099"
Colp,224
"Columbia, IL","10,121"
"Como, IL",567
"Compton, IL",289
Congerville,492
"Cordova, IL",665
"Cornell, IL",455
"Cortland, IL","4,341"
"Coulterville, IL",918
"Country Club Hills, IL","16,865"
"Countryside, IL","6,023"
Cowden,593
Coyne Center,827
"Crab Orchard, IL",333
Crainville,"1,364"
Creal Springs,533
"Crescent City, IL",602
Crest Hill,"20,771"
"Creston, IL",657
"Crestwood, IL","11,029"
"Crete, IL","8,227"
"Creve Coeur, IL","5,367"
"Crossville, IL",727
"Crystal Lake, IL","40,493"
Crystal Lawns,"1,872"
"Cuba, IL","1,239"
Cullom,538
"Curran, IL",212
"Cutler, IL",424
"Cypress, IL",236
"Dahlgren, IL",512
"Dakota, IL",486
Dallas City,910
Dalton City,528
"Dalzell, IL",688
Damiansville,493
"Danforth, IL",581
"Danvers, IL","1,147"
"Danville, IL","32,243"
"Darien, IL","22,315"
Davis Junction,"2,293"
"Davis, IL",653
"Dawson, IL",500
"Dayton, IL",537
"De Land, IL",427
De Pue,"1,760"
"De Soto, IL","1,585"
DeKalb,"44,054"
"Decatur, IL","74,010"
"Deer Creek, IL",694
"Deer Park, IL","3,245"
"Deerfield, IL","18,385"
"Delavan, IL","1,663"
Des Plaines,"58,947"
"Diamond, IL","2,501"
Dieterich,608
Divernon,"1,163"
Dixmoor,"3,622"
"Dixon, IL","15,285"
"Dix, IL",459
"Dolton, IL","23,307"
Dongola,714
"Donnellson, IL",205
Donovan,300
Dowell,396
Downers Grove,"49,715"
"Downs, IL",997
Du Quoin,"5,908"
Dunfermline,291
"Dunlap, IL","1,389"
Dupo,"3,969"
"Durand, IL","1,418"
"Dwight, IL","4,119"
"Earlville, IL","1,646"
East Alton,"6,215"
East Cape Girardeau,347
East Carondelet,481
East Dubuque,"1,671"
East Dundee,"3,198"
East Galesburg,806
East Gillespie,271
East Hazel Crest,"1,552"
East Moline,"21,175"
East Peoria,"23,375"
East St. Louis,"26,672"
"Easton, IL",306
"Edgewood, IL",429
"Edinburg, IL","1,056"
"Edwardsville, IL","24,758"
"Effingham, IL","12,577"
"El Paso, IL","2,804"
Elburn,"5,682"
"Eldorado, IL","4,076"
"Elgin, IL","111,117"
"Elizabethtown, IL",295
"Elizabeth, IL",752
Elk Grove Village,"33,379"
"Elkhart, IL",398
Elkville,910
"Elliott, IL",284
Ellis Grove,356
Elmhurst,"45,751"
"Elmwood Park, IL","24,954"
"Elmwood, IL","2,100"
Elsah,667
"Elwood, IL","2,267"
Emden,477
Energy,"1,145"
"Enfield, IL",581
Equality,560
"Erie, IL","1,547"
"Essex, IL",778
"Eureka, IL","5,373"
"Evanston, IL","75,658"
"Evansville, IL",682
Evergreen Park,"19,935"
"Ewing, IL",303
"Fairbury, IL","3,678"
"Fairfield, IL","5,080"
Fairmont City,"2,529"
"Fairmont, IL","2,459"
"Fairmount, IL",623
Fairview Heights,"16,901"
"Fairview, IL",497
Farina,510
Farmer City,"2,005"
"Farmersville, IL",706
"Farmington, IL","2,356"
"Fayetteville, IL",346
Fieldon,230
"Fillmore, IL",322
"Findlay, IL",664
"Fisher, IL","1,960"
Fithian,473
Flanagan,"1,086"
"Flat Rock, IL",325
"Flora, IL","4,977"
Flossmoor,"9,522"
Ford Heights,"2,785"
"Forest City, IL",235
"Forest Lake, IL","1,659"
"Forest Park, IL","14,196"
Forest View,697
Forreston,"1,393"
Forrest,"1,193"
"Forsyth, IL","3,592"
Fox Lake Hills,"2,591"
"Fox Lake, IL","10,578"
Fox River Grove,"4,704"
Fox River Valley Gardens,854
Frankfort Square,"9,276"
"Frankfort, IL","18,446"
Franklin Grove,977
"Franklin Park, IL","18,404"
"Franklin, IL",598
"Freeburg, IL","4,280"
Freeman Spur,290
"Freeport, IL","24,851"
"Fulton, IL","3,360"
Gages Lake,"10,198"
"Galatia, IL",921
"Galena, IL","3,327"
"Galesburg, IL","31,659"
"Galva, IL","2,528"
Garden Prairie,352
"Gardner, IL","1,443"
Gays,277
"Geneseo, IL","6,537"
"Geneva, IL","21,742"
"Genoa, IL","5,223"
"Georgetown, IL","3,386"
German Valley,456
Germantown Hills,"3,510"
"Germantown, IL","1,288"
Gibson City,"3,395"
"Gibson, IL","3,336"
"Gifford, IL",999
Gilberts,"7,556"
Gillespie,"3,209"
"Gilman, IL","1,765"
"Girard, IL","2,042"
"Gladstone, IL",273
Glasford,"1,011"
Glen Carbon,"12,947"
Glen Ellyn,"27,763"
"Glencoe, IL","8,923"
Glendale Heights,"34,530"
"Glenview, IL","46,767"
"Glenwood, IL","9,036"
"Godfrey, IL","17,782"
"Godley, IL",670
"Golconda, IL",640
"Golden, IL",637
"Golf, IL",506
"Good Hope, IL",387
Goodfield,913
Goodings Grove,"22,530"
Goofy Ridge,350
Goreville,"1,067"
"Gorham, IL",234
"Grafton, IL",660
Grand Detour,429
"Grand Ridge, IL",538
Grand Tower,590
"Grandview, IL","1,433"
Grandwood Park,"5,202"
Granite City,"29,183"
Grant Park,"1,299"
Grantfork,330
"Granville, IL","1,363"
Grayslake,"21,018"
Grayville,"1,639"
Green Oaks,"3,854"
"Green Valley, IL",694
"Greenfield, IL","1,029"
"Greenup, IL","1,487"
"Greenview, IL",761
"Greenville, IL","6,885"
"Greenwood, IL",252
"Gridley, IL","1,448"
Griggsville,"1,182"
Gurnee,"31,207"
Hainesville,"3,682"
Hamel,807
"Hamilton, IL","2,861"
"Hammond, IL",487
Hampshire,"5,976"
"Hampton, IL","1,848"
Hanaford,317
Hanna City,"1,229"
Hanover Park,"38,476"
"Hanover, IL",818
"Hardin, IL",943
"Harrisburg, IL","8,914"
"Harrison, IL",970
Harristown,"1,341"
"Hartford, IL","1,388"
"Hartsburg, IL",311
"Harvard, IL","9,230"
Harvel,217
"Harvey, IL","25,347"
Harwood Heights,"8,675"
"Havana, IL","3,121"
Hawthorn Woods,"7,875"
Hazel Crest,"14,182"
"Hebron, IL","1,205"
Hecker,489
"Henderson, IL",253
Hennepin,722
"Henning, IL",247
"Henry, IL","2,336"
"Heritage Lake, IL","1,520"
"Herrick, IL",429
Herrin,"12,852"
Herscher,"1,566"
Heyworth,"2,906"
"Hickory Hills, IL","14,177"
"Highland Park, IL","29,871"
"Highland, IL","9,894"
"Highwood, IL","5,387"
"Hillcrest, IL","1,292"
"Hillsboro, IL","6,089"
"Hillsdale, IL",511
"Hillside, IL","8,195"
"Hinckley, IL","2,070"
Hindsboro,308
"Hinsdale, IL","17,446"
Hodgkins,"1,881"
Hoffman Estates,"52,347"
"Hoffman, IL",496
Holiday Hills,593
Holiday Shores,"2,882"
Homer Glen,"24,364"
"Homer, IL","1,207"
"Hometown, IL","4,365"
"Homewood, IL","19,464"
Hoopeston,"5,258"
Hooppole,201
"Hopedale, IL",857
"Hopewell, IL",405
Hopkins Park,584
Hoyleton,514
"Hudson, IL","1,858"
"Hull, IL",442
"Humboldt, IL",432
"Hume, IL",368
"Huntley, IL","25,603"
"Hurst, IL",792
Hutsonville,546
Illiopolis,886
Ina,"2,329"
"Indian Creek, IL",546
Indian Head Park,"3,839"
"Indianola, IL",272
"Industry, IL",462
Ingalls Park,"3,314"
"Inverness, IL","7,592"
Ipava,450
"Irvington, IL",642
"Irving, IL",483
Island Lake,"8,031"
"Itasca, IL","8,800"
"Iuka, IL",474
Ivesdale,271
"Jacksonville, IL","19,159"
"Jeffersonville, IL",358
"Jerome, IL","1,662"
Jerseyville,"8,532"
"Jewett, IL",220
"Johnsburg, IL","6,297"
Johnston City,"3,506"
"Joliet, IL","147,928"
"Jonesboro, IL","1,772"
"Joppa, IL",349
Joy,396
"Junction City, IL",466
"Justice, IL","13,022"
Kampsville,319
Kaneville,491
"Kane, IL",422
Kangley,245
Kankakee,"26,860"
"Kansas, IL",753
Kappa,239
Karnak,468
Keensburg,205
Keithsburg,586
Kell,216
"Kempton, IL",223
"Kenilworth, IL","2,562"
Kenney,321
Kewanee,"12,596"
Keyesport,405
"Kilbourne, IL",288
Kildeer,"3,958"
"Kincaid, IL","1,451"
"Kinderhook, IL",211
Kingston Mines,301
"Kingston, IL","1,163"
Kinmundy,778
"Kirkland, IL","1,744"
"Kirkwood, IL",715
"Knollwood, IL","1,747"
"Knoxville, IL","2,872"
"La Fayette, IL",217
La Grange Park,"13,665"
"La Grange, IL","15,759"
"La Harpe, IL","1,200"
La Moille,705
"La Salle, IL","9,328"
LaPlace,259
Lacon,"1,832"
Ladd,"1,251"
Lake Barrington,"4,985"
Lake Bluff,"5,698"
"Lake Camelot, IL","1,686"
Lake Catherine,"1,379"
"Lake Forest, IL","19,379"
"Lake Holiday, IL","4,761"
Lake Ka-Ho,225
Lake Petersburg,719
Lake Summerset,"2,048"
Lake Villa,"8,825"
Lake Zurich,"20,054"
Lake in the Hills,"28,893"
"Lake of the Woods, IL","2,912"
Lakemoor,"6,005"
Lakewood Shores,"1,347"
"Lakewood, IL","3,811"
"Lanark, IL","1,383"
Langleyville,432
"Lansing, IL","28,522"
"Latham, IL",366
"Lawrenceville, IL","4,397"
"Le Roy, IL","3,602"
Leaf River,424
"Lebanon, IL","4,466"
"Lee, IL",330
Leland Grove,"1,533"
"Leland, IL",951
"Lemont, IL","16,661"
"Lena, IL","2,840"
Lenzburg,498
Lerna,283
"Lewistown, IL","2,292"
"Lexington, IL","2,068"
"Libertyville, IL","20,512"
"Liberty, IL",513
"Lily Lake, IL","1,024"
"Limestone, IL","1,573"
"Lincolnshire, IL","7,292"
Lincolnwood,"12,687"
"Lincoln, IL","14,162"
"Lindenhurst, IL","14,468"
"Lisbon, IL",295
"Lisle, IL","22,827"
"Litchfield, IL","6,930"
"Little York, IL",335
"Livingston, IL",833
Loami,754
"Lockport, IL","25,119"
Loda,400
Lomax,421
Lombard,"43,893"
London Mills,383
"Long Creek, IL","1,318"
"Long Grove, IL","8,181"
"Long Lake, IL","3,515"
Long Point,220
"Loraine, IL",311
"Lost Nation, IL",708
Lostant,485
"Louisville, IL","1,125"
Loves Park,"23,551"
"Lovington, IL","1,109"
"Ludlow, IL",367
"Lyndon, IL",625
"Lynwood, IL","9,313"
"Lyons, IL","10,773"
Machesney Park,"23,036"
Mackinaw,"1,950"
"Macomb, IL","18,943"
"Macon, IL","1,142"
"Madison, IL","3,893"
"Magnolia, IL",260
Mahomet,"7,955"
Makanda,547
"Malden, IL",352
"Malta, IL","1,159"
"Manchester, IL",286
"Manhattan, IL","7,302"
Manito,"1,550"
"Manlius, IL",349
"Mansfield, IL",872
Manteno,"9,026"
Maple Park,"1,313"
"Mapleton, IL",276
Maquon,286
"Marengo, IL","7,508"
Marine,939
"Marion, IL","17,438"
Marissa,"1,882"
"Markham, IL","12,688"
Mark,547
Maroa,"1,756"
Marquette Heights,"2,790"
"Marseilles, IL","4,994"
"Marshall, IL","3,921"
"Martinsville, IL","1,151"
Martinton,375
"Maryville, IL","7,826"
Mascoutah,"7,869"
"Mason City, IL","2,212"
"Mason, IL",343
Matherville,689
"Matteson, IL","19,156"
"Mattoon, IL","18,211"
"Maywood, IL","24,133"
Mazon,996
"McClure, IL",364
"McCook, IL",231
McCullom Lake,"1,026"
"McHenry, IL","26,630"
McLeansboro,"2,826"
"McLean, IL",823
McNabb,273
"Mechanicsburg, IL",605
"Medora, IL",408
"Melrose Park, IL","25,511"
"Melvin, IL",436
"Mendon, IL",944
"Mendota, IL","7,254"
"Menominee, IL",247
Meredosia,"1,022"
Merrionette Park,"1,897"
"Metamora, IL","3,736"
Metropolis,"6,390"
Mettawa,571
"Middletown, IL",317
"Midlothian, IL","14,911"
"Milan, IL","5,105"
"Milford, IL","1,254"
Mill Shoals,212
"Millbrook, IL",347
"Milledgeville, IL",989
"Millington, IL",665
Millstadt,"3,924"
"Milton, IL",265
"Mineral, IL",230
Minier,"1,245"
Minonk,"2,061"
Minooka,"11,194"
"Mitchell, IL","1,356"
Mokena,"19,447"
"Moline, IL","42,685"
Momence,"3,240"
Monee,"5,105"
"Monmouth, IL","9,527"
Monroe Center,459
"Montgomery, IL","19,301"
"Monticello, IL","5,516"
"Morrisonville, IL","1,033"
"Morrison, IL","4,136"
"Morris, IL","14,135"
Morton Grove,"23,497"
"Morton, IL","16,499"
"Mound City, IL",558
"Mounds, IL",763
"Mount Auburn, IL",468
"Mount Carmel, IL","7,034"
Mount Carroll,"1,634"
Mount Clare,271
"Mount Morris, IL","2,905"
"Mount Olive, IL","2,032"
Mount Prospect,"54,951"
Mount Pulaski,"1,528"
"Mount Sterling, IL","1,973"
"Mount Vernon, IL","15,177"
"Mount Zion, IL","5,888"
Moweaqua,"1,777"
Mulberry Grove,605
Mundelein,"31,562"
Murphysboro,"7,811"
"Murrayville, IL",573
"Naperville, IL","146,128"
Naplate,485
"Nashville, IL","3,148"
Nason,236
"Nauvoo, IL","1,110"
"Nebo, IL",332
Neoga,"1,607"
Neponset,451
"New Athens, IL","1,977"
New Baden,"3,330"
"New Berlin, IL","1,356"
"New Boston, IL",658
New Burnside,213
New Canton,350
New Douglas,319
"New Haven, IL",406
"New Holland, IL",265
New Lenox,"25,426"
New Millford,676
New Minden,208
"Newark, IL","1,017"
"Newman, IL",855
"Newton, IL","2,821"
"Niantic, IL",682
"Niles, IL","30,000"
Nilwood,233
"Noble, IL",671
"Nokomis, IL","2,195"
Normal,"54,594"
Norridge,"14,674"
Norris City,"1,251"
"Norris, IL",206
"North Aurora, IL","17,342"
North Barrington,"3,029"
North Chicago,"30,395"
North City,596
North Pekin,"1,596"
North Riverside,"6,698"
North Utica,"1,356"
"Northbrook, IL","33,655"
"Northfield, IL","5,483"
"Northlake, IL","12,372"
"Norwood, IL",477
"O'Fallon, IL","29,069"
Oak Brook,"8,065"
Oak Forest,"28,174"
"Oak Grove, IL",574
Oak Lawn,"57,034"
"Oak Park, IL","52,008"
Oak Run,547
Oakbrook Terrace,"2,171"
"Oakdale, IL",214
Oakford,283
"Oakland, IL",886
Oakwood Hills,"2,070"
"Oakwood, IL","1,542"
Oblong,"1,426"
"Odell, IL","1,015"
"Odin, IL","1,046"
"Ogden, IL",811
"Oglesby, IL","3,676"
"Ohio, IL",498
Okawville,"1,403"
Old Mill Creek,224
"Olive Branch, IL",864
"Olivet, IL",428
Olmsted,317
"Olney, IL","9,026"
Olympia Fields,"5,045"
"Omaha, IL",254
Onarga,"1,329"
"Oneida, IL",688
Opdyke,254
Oquawka,"1,301"
"Orangeville, IL",768
Oreana,847
"Oregon, IL","3,605"
"Orient, IL",354
"Orion, IL","1,833"
Orland Hills,"7,277"
Orland Park,"58,666"
"Oswego, IL","33,099"
"Ottawa, IL","18,428"
Owaneco,233
"Palatine, IL","69,387"
"Palestine, IL","1,330"
"Palmer, IL",223
"Palmyra, IL",680
Palos Heights,"12,597"
Palos Hills,"17,627"
Palos Park,"4,906"
"Panama, IL",333
Pana,"5,656"
"Paris, IL","8,498"
"Park City, IL","7,440"
Park Forest,"22,034"
"Park Ridge, IL","37,856"
"Patoka, IL",568
"Paw Paw, IL",830
"Pawnee, IL","2,725"
"Paxton, IL","4,345"
"Payson, IL","1,011"
"Pearl City, IL",818
Pecatonica,"2,138"
"Pekin, IL","33,824"
Peoria Heights,"6,020"
"Peoria, IL","115,828"
Peotone,"4,136"
Percy,938
"Perry, IL",382
"Peru, IL","10,016"
Pesotum,549
"Petersburg, IL","2,216"
"Philo, IL","1,475"
"Phoenix, IL","1,969"
Pierron,573
Pinckneyville,"5,536"
Pingree Grove,"5,878"
Piper City,789
Pistakee Highlands,"3,454"
"Pittsburg, IL",561
"Pittsfield, IL","4,493"
"Plainfield, IL","42,138"
"Plainville, IL",263
"Plano, IL","11,175"
Plattville,251
"Pleasant Hill, IL",943
"Pleasant Plains, IL",804
"Plymouth, IL",486
"Pocahontas, IL",756
"Polo, IL","2,274"
"Pontiac, IL","11,599"
Pontoon Beach,"5,671"
Poplar Grove,"5,169"
Port Barrington,"1,508"
"Port Byron, IL","1,650"
"Posen, IL","6,021"
"Potomac, IL",729
"Prairie City, IL",371
"Prairie Grove, IL","1,876"
Prairie du Rocher,580
Prestbury,"1,722"
Preston Heights,"2,575"
"Princeton, IL","7,415"
"Princeville, IL","1,733"
Prophetstown,"2,007"
Prospect Heights,"16,418"
"Quincy, IL","40,805"
Radom,213
"Raleigh, IL",348
"Ramsey, IL","1,024"
"Rankin, IL",544
"Ransom, IL",376
"Rantoul, IL","13,100"
Rapids City,956
"Raymond, IL",981
"Red Bud, IL","3,609"
"Reynolds, IL",523
"Richmond, IL","1,895"
Richton Park,"13,751"
Richview,241
Ridge Farm,860
"Ridgway, IL",821
"Ringwood, IL",825
"Rio, IL",218
"River Forest, IL","11,208"
River Grove,"10,271"
"Riverdale, IL","13,604"
"Riverside, IL","8,881"
"Riverton, IL","3,472"
Riverwoods,"3,659"
"Roanoke, IL","2,080"
"Robbins, IL","5,480"
"Roberts, IL",349
"Robinson, IL","7,622"
"Rochelle, IL","9,390"
"Rochester, IL","3,771"
Rock City,311
"Rock Falls, IL","9,062"
"Rock Island, IL","38,642"
"Rockdale, IL","1,957"
"Rockford, IL","149,123"
Rockton,"7,554"
Rolling Meadows,"24,279"
Romeoville,"39,679"
"Rome, IL","1,738"
Roodhouse,"1,750"
"Roscoe, IL","10,603"
"Roselle, IL","23,030"
"Rosemont, IL","4,226"
"Roseville, IL",993
Rosewood Heights,"4,038"
Rosiclare,"1,107"
"Rossville, IL","1,293"
Round Lake Beach,"28,012"
Round Lake Heights,"2,734"
Round Lake Park,"7,371"
"Round Lake, IL","18,536"
Roxana,"1,495"
"Royalton, IL","1,138"
"Royal, IL",299
Ruma,318
"Rushville, IL","3,108"
"Rutland, IL",311
Sadorus,422
"Salem, IL","7,334"
Sammons Point,277
"San Jose, IL",619
"Sandoval, IL","1,240"
"Sandwich, IL","7,410"
Sauk Village,"10,545"
Saunemin,409
"Savanna, IL","2,906"
"Savoy, IL","7,879"
"Sawyerville, IL",272
Saybrook,689
Scales Mound,380
Schaumburg,"74,896"
Schiller Park,"11,857"
Schram City,572
Scott AFB,"3,612"
Seatonville,311
Seaton,215
Secor,371
"Seneca, IL","2,306"
Sesser,"1,903"
"Seymour, IL",303
Shabbona,939
"Shannon, IL",718
Shawneetown,"1,171"
"Sheffield, IL",897
"Shelbyville, IL","4,662"
"Sheldon, IL","1,033"
"Sheridan, IL","2,111"
"Sherman, IL","4,511"
Sherrard,614
"Shiloh, IL","12,907"
"Shipman, IL",608
"Shorewood, IL","16,569"
Shumway,201
"Sibley, IL",262
Sidell,597
"Sidney, IL","1,240"
"Sigel, IL",365
Silvis,"7,526"
"Sims, IL",251
Skokie,"65,112"
"Sleepy Hollow, IL","3,340"
"Smithfield, IL",223
"Smithton, IL","3,729"
Somonauk,"1,884"
Sorento,476
South Barrington,"4,822"
South Beloit,"7,719"
South Chicago Heights,"4,157"
South Elgin,"22,226"
South Holland,"22,144"
South Jacksonville,"3,271"
South Pekin,"1,138"
South Roxana,"2,010"
South Wilmington,666
Southern View,"1,646"
Sparland,387
"Sparta, IL","4,456"
"Spaulding, IL",870
Spillertown,202
Spring Bay,465
"Spring Grove, IL","5,725"
"Spring Valley, IL","5,359"
"Springfield, IL","116,809"
St. Anne,"1,230"
"St. Charles, IL","33,387"
"St. David, IL",563
St. Elmo,"1,405"
"St. Francisville, IL",670
St. Jacob,"1,147"
"St. Johns, IL",211
"St. Joseph, IL","4,082"
"St. Libory, IL",597
"St. Peter, IL",357
Standard,211
"Stanford, IL",588
"Staunton, IL","5,056"
Ste. Marie,243
Steeleville,"2,006"
Steger,"9,557"
"Sterling, IL","15,011"
Stewardson,716
Steward,246
"Stickney, IL","6,818"
Stillman Valley,"1,083"
"Stockton, IL","1,809"
Stone Park,"4,957"
Stonefort,295
"Stonington, IL",899
"Strasburg, IL",453
Streamwood,"40,345"
Streator,"13,289"
Stronghurst,829
"Sublette, IL",432
"Sugar Grove, IL","9,192"
"Sullivan, IL","4,458"
"Summerfield, IL",408
"Summit, IL","11,447"
"Sumner, IL","3,145"
Sun River Terrace,522
"Swansea, IL","13,651"
"Sycamore, IL","17,753"
Table Grove,405
Tallula,484
Tamaroa,614
Tamms,984
"Tampico, IL",758
Taylor Springs,675
Taylorville,"10,971"
Teutopolis,"1,577"
Thawville,268
"Thayer, IL",686
The Galena Territory,"1,058"
Thebes,391
Third Lake,"1,194"
Thomasboro,"1,141"
"Thompsonville, IL",535
"Thomson, IL",565
"Thornton, IL","2,401"
"Tilden, IL",901
"Tilton, IL","2,647"
"Timberlane, IL",954
Tinley Park,"57,280"
Tiskilwa,796
"Toledo, IL","1,214"
Tolono,"3,501"
Toluca,"1,335"
Tonica,744
Toulon,"1,254"
Tovey,494
"Towanda, IL",481
Tower Hill,600
Tower Lakes,"1,264"
"Tremont, IL","2,210"
"Trenton, IL","2,682"
"Trout Valley, IL",530
Troy Grove,244
"Troy, IL","9,996"
"Tuscola, IL","4,461"
Twin Grove,"1,564"
Ullin,436
"Union, IL",562
"University Park, IL","7,095"
"Urbana, IL","42,044"
Ursa,623
"Valier, IL",658
Valmeyer,"1,259"
"Vandalia, IL","6,984"
Varna,366
Venetian Village,"2,826"
"Venice, IL","1,927"
"Vergennes, IL",295
"Vermilion, IL",217
"Vermont, IL",651
Vernon Hills,"25,911"
"Verona, IL",213
"Versailles, IL",464
"Victoria, IL",313
"Vienna, IL","1,436"
Villa Grove,"2,511"
"Villa Park, IL","22,038"
"Viola, IL",927
"Virden, IL","3,430"
"Virgil, IL",336
"Virginia, IL","1,551"
Volo,"3,870"
"Wadsworth, IL","3,759"
Waggoner,259
"Walnut, IL","1,361"
Waltonville,434
Wamac,"1,152"
Wapella,543
"Warrensburg, IL","1,176"
"Warrenville, IL","13,336"
"Warren, IL","1,390"
"Warsaw, IL","1,556"
"Washburn, IL","1,132"
"Washington Park, IL","4,040"
"Washington, IL","15,816"
Wataga,828
"Waterloo, IL","10,178"
Waterman,"1,503"
Watseka,"5,113"
"Watson, IL",744
Wauconda,"13,896"
Waukegan,"88,915"
"Waverly, IL","1,274"
Wayne City,"1,020"
"Waynesville, IL",422
"Wayne, IL","2,442"
"Weldon, IL",423
"Wellington, IL",235
Wenona,998
West Chicago,"27,507"
West City,653
West Dundee,"7,391"
West Frankfort,"8,056"
West Peoria,"4,452"
"West Salem, IL",884
"West Union, IL",288
"Westchester, IL","16,807"
Western Springs,"13,284"
"Westfield, IL",589
"Westmont, IL","24,963"
"Westville, IL","3,126"
"Wheaton, IL","53,644"
"Wheeling, IL","38,010"
"White City, IL",230
"White Hall, IL","2,436"
White Heath,290
Whiteash,240
Williamsfield,566
"Williamson, IL",225
"Williamsville, IL","1,494"
"Willisville, IL",609
Willow Hill,229
"Willow Springs, IL","5,709"
"Willowbrook, IL","8,631"
Wilmette,"27,446"
"Wilmington, IL","5,712"
"Wilsonville, IL",571
"Winchester, IL","1,547"
"Windsor, IL","1,175"
"Winfield, IL","9,569"
"Winnebago, IL","3,026"
Winnetka,"12,490"
"Winslow, IL",333
Winthrop Harbor,"6,730"
Witt,875
Wonder Lake,"8,967"
Wood Dale,"13,945"
"Wood River, IL","10,355"
"Woodhull, IL",792
"Woodland, IL",327
"Woodlawn, IL",698
"Woodridge, IL","33,378"
"Woodson, IL",499
"Woodstock, IL","25,178"
"Worden, IL","1,030"
"Worth, IL","10,838"
Wyanet,963
"Wyoming, IL","1,383"
"Xenia, IL",385
Yates City,678
"Yorkville, IL","18,096"
Zeigler,"1,762"
"Zion, IL","24,264"
